--
-- PostgreSQL database dump
--

-- Dumped from database version 14.11 (Ubuntu 14.11-0ubuntu0.22.04.1)
-- Dumped by pg_dump version 14.11 (Ubuntu 14.11-0ubuntu0.22.04.1)

SET statement_timeout = 0;
SET lock_timeout = 0;
SET idle_in_transaction_session_timeout = 0;
SET client_encoding = 'UTF8';
SET standard_conforming_strings = on;
SELECT pg_catalog.set_config('search_path', '', false);
SET check_function_bodies = false;
SET xmloption = content;
SET client_min_messages = warning;
SET row_security = off;

SET default_tablespace = '';

SET default_table_access_method = heap;

--
-- Name: auth_group; Type: TABLE; Schema: public; Owner: simurgan
--

CREATE TABLE public.auth_group (
    id integer NOT NULL,
    name character varying(150) NOT NULL
);


ALTER TABLE public.auth_group OWNER TO simurgan;

--
-- Name: auth_group_id_seq; Type: SEQUENCE; Schema: public; Owner: simurgan
--

ALTER TABLE public.auth_group ALTER COLUMN id ADD GENERATED BY DEFAULT AS IDENTITY (
    SEQUENCE NAME public.auth_group_id_seq
    START WITH 1
    INCREMENT BY 1
    NO MINVALUE
    NO MAXVALUE
    CACHE 1
);


--
-- Name: auth_group_permissions; Type: TABLE; Schema: public; Owner: simurgan
--

CREATE TABLE public.auth_group_permissions (
    id bigint NOT NULL,
    group_id integer NOT NULL,
    permission_id integer NOT NULL
);


ALTER TABLE public.auth_group_permissions OWNER TO simurgan;

--
-- Name: auth_group_permissions_id_seq; Type: SEQUENCE; Schema: public; Owner: simurgan
--

ALTER TABLE public.auth_group_permissions ALTER COLUMN id ADD GENERATED BY DEFAULT AS IDENTITY (
    SEQUENCE NAME public.auth_group_permissions_id_seq
    START WITH 1
    INCREMENT BY 1
    NO MINVALUE
    NO MAXVALUE
    CACHE 1
);


--
-- Name: auth_permission; Type: TABLE; Schema: public; Owner: simurgan
--

CREATE TABLE public.auth_permission (
    id integer NOT NULL,
    name character varying(255) NOT NULL,
    content_type_id integer NOT NULL,
    codename character varying(100) NOT NULL
);


ALTER TABLE public.auth_permission OWNER TO simurgan;

--
-- Name: auth_permission_id_seq; Type: SEQUENCE; Schema: public; Owner: simurgan
--

ALTER TABLE public.auth_permission ALTER COLUMN id ADD GENERATED BY DEFAULT AS IDENTITY (
    SEQUENCE NAME public.auth_permission_id_seq
    START WITH 1
    INCREMENT BY 1
    NO MINVALUE
    NO MAXVALUE
    CACHE 1
);


--
-- Name: auth_user; Type: TABLE; Schema: public; Owner: simurgan
--

CREATE TABLE public.auth_user (
    id integer NOT NULL,
    password character varying(128) NOT NULL,
    last_login timestamp with time zone,
    is_superuser boolean NOT NULL,
    username character varying(150) NOT NULL,
    first_name character varying(150) NOT NULL,
    last_name character varying(150) NOT NULL,
    email character varying(254) NOT NULL,
    is_staff boolean NOT NULL,
    is_active boolean NOT NULL,
    date_joined timestamp with time zone NOT NULL
);


ALTER TABLE public.auth_user OWNER TO simurgan;

--
-- Name: auth_user_groups; Type: TABLE; Schema: public; Owner: simurgan
--

CREATE TABLE public.auth_user_groups (
    id bigint NOT NULL,
    user_id integer NOT NULL,
    group_id integer NOT NULL
);


ALTER TABLE public.auth_user_groups OWNER TO simurgan;

--
-- Name: auth_user_groups_id_seq; Type: SEQUENCE; Schema: public; Owner: simurgan
--

ALTER TABLE public.auth_user_groups ALTER COLUMN id ADD GENERATED BY DEFAULT AS IDENTITY (
    SEQUENCE NAME public.auth_user_groups_id_seq
    START WITH 1
    INCREMENT BY 1
    NO MINVALUE
    NO MAXVALUE
    CACHE 1
);


--
-- Name: auth_user_id_seq; Type: SEQUENCE; Schema: public; Owner: simurgan
--

ALTER TABLE public.auth_user ALTER COLUMN id ADD GENERATED BY DEFAULT AS IDENTITY (
    SEQUENCE NAME public.auth_user_id_seq
    START WITH 1
    INCREMENT BY 1
    NO MINVALUE
    NO MAXVALUE
    CACHE 1
);


--
-- Name: auth_user_user_permissions; Type: TABLE; Schema: public; Owner: simurgan
--

CREATE TABLE public.auth_user_user_permissions (
    id bigint NOT NULL,
    user_id integer NOT NULL,
    permission_id integer NOT NULL
);


ALTER TABLE public.auth_user_user_permissions OWNER TO simurgan;

--
-- Name: auth_user_user_permissions_id_seq; Type: SEQUENCE; Schema: public; Owner: simurgan
--

ALTER TABLE public.auth_user_user_permissions ALTER COLUMN id ADD GENERATED BY DEFAULT AS IDENTITY (
    SEQUENCE NAME public.auth_user_user_permissions_id_seq
    START WITH 1
    INCREMENT BY 1
    NO MINVALUE
    NO MAXVALUE
    CACHE 1
);


--
-- Name: database_connectiontool; Type: TABLE; Schema: public; Owner: simurgan
--

CREATE TABLE public.database_connectiontool (
    id bigint NOT NULL,
    name character varying(30) NOT NULL
);


ALTER TABLE public.database_connectiontool OWNER TO simurgan;

--
-- Name: database_connectiontool_id_seq; Type: SEQUENCE; Schema: public; Owner: simurgan
--

ALTER TABLE public.database_connectiontool ALTER COLUMN id ADD GENERATED BY DEFAULT AS IDENTITY (
    SEQUENCE NAME public.database_connectiontool_id_seq
    START WITH 1
    INCREMENT BY 1
    NO MINVALUE
    NO MAXVALUE
    CACHE 1
);


--
-- Name: database_customer; Type: TABLE; Schema: public; Owner: simurgan
--

CREATE TABLE public.database_customer (
    id bigint NOT NULL,
    company_name character varying(200) NOT NULL,
    phone_number character varying(20) NOT NULL,
    credit_amount double precision NOT NULL,
    pricing_class character varying(2) NOT NULL,
    user_id integer NOT NULL
);


ALTER TABLE public.database_customer OWNER TO simurgan;

--
-- Name: database_customer_id_seq; Type: SEQUENCE; Schema: public; Owner: simurgan
--

ALTER TABLE public.database_customer ALTER COLUMN id ADD GENERATED BY DEFAULT AS IDENTITY (
    SEQUENCE NAME public.database_customer_id_seq
    START WITH 1
    INCREMENT BY 1
    NO MINVALUE
    NO MAXVALUE
    CACHE 1
);


--
-- Name: database_employee; Type: TABLE; Schema: public; Owner: simurgan
--

CREATE TABLE public.database_employee (
    id bigint NOT NULL,
    user_id integer NOT NULL
);


ALTER TABLE public.database_employee OWNER TO simurgan;

--
-- Name: database_employee_id_seq; Type: SEQUENCE; Schema: public; Owner: simurgan
--

ALTER TABLE public.database_employee ALTER COLUMN id ADD GENERATED BY DEFAULT AS IDENTITY (
    SEQUENCE NAME public.database_employee_id_seq
    START WITH 1
    INCREMENT BY 1
    NO MINVALUE
    NO MAXVALUE
    CACHE 1
);


--
-- Name: database_fileprocess; Type: TABLE; Schema: public; Owner: simurgan
--

CREATE TABLE public.database_fileprocess (
    id bigint NOT NULL,
    name character varying(50) NOT NULL
);


ALTER TABLE public.database_fileprocess OWNER TO simurgan;

--
-- Name: database_fileprocess_id_seq; Type: SEQUENCE; Schema: public; Owner: simurgan
--

ALTER TABLE public.database_fileprocess ALTER COLUMN id ADD GENERATED BY DEFAULT AS IDENTITY (
    SEQUENCE NAME public.database_fileprocess_id_seq
    START WITH 1
    INCREMENT BY 1
    NO MINVALUE
    NO MAXVALUE
    CACHE 1
);


--
-- Name: database_filepurchase; Type: TABLE; Schema: public; Owner: simurgan
--

CREATE TABLE public.database_filepurchase (
    id bigint NOT NULL,
    bought_at timestamp with time zone NOT NULL,
    customer_id bigint NOT NULL,
    file_sale_id bigint NOT NULL
);


ALTER TABLE public.database_filepurchase OWNER TO simurgan;

--
-- Name: database_filepurchase_id_seq; Type: SEQUENCE; Schema: public; Owner: simurgan
--

ALTER TABLE public.database_filepurchase ALTER COLUMN id ADD GENERATED BY DEFAULT AS IDENTITY (
    SEQUENCE NAME public.database_filepurchase_id_seq
    START WITH 1
    INCREMENT BY 1
    NO MINVALUE
    NO MAXVALUE
    CACHE 1
);


--
-- Name: database_filerequest; Type: TABLE; Schema: public; Owner: simurgan
--

CREATE TABLE public.database_filerequest (
    id bigint NOT NULL,
    created_at timestamp with time zone NOT NULL,
    updated_at timestamp with time zone NOT NULL,
    vehicle bigint NOT NULL,
    file_type character varying(1) NOT NULL,
    transmission character varying(1) NOT NULL,
    tool_type character varying(1) NOT NULL,
    customer_description text NOT NULL,
    original_file character varying(100) NOT NULL,
    employee_description text,
    processed_file character varying(100),
    status character varying(1) NOT NULL,
    customer_id bigint NOT NULL,
    employee_id bigint,
    tool_id bigint NOT NULL,
    CONSTRAINT database_filerequest_vehicle_check CHECK ((vehicle >= 0))
);


ALTER TABLE public.database_filerequest OWNER TO simurgan;

--
-- Name: database_filerequest_id_seq; Type: SEQUENCE; Schema: public; Owner: simurgan
--

ALTER TABLE public.database_filerequest ALTER COLUMN id ADD GENERATED BY DEFAULT AS IDENTITY (
    SEQUENCE NAME public.database_filerequest_id_seq
    START WITH 1
    INCREMENT BY 1
    NO MINVALUE
    NO MAXVALUE
    CACHE 1
);


--
-- Name: database_filerequest_processes; Type: TABLE; Schema: public; Owner: simurgan
--

CREATE TABLE public.database_filerequest_processes (
    id bigint NOT NULL,
    filerequest_id bigint NOT NULL,
    fileprocess_id bigint NOT NULL
);


ALTER TABLE public.database_filerequest_processes OWNER TO simurgan;

--
-- Name: database_filerequest_processes_id_seq; Type: SEQUENCE; Schema: public; Owner: simurgan
--

ALTER TABLE public.database_filerequest_processes ALTER COLUMN id ADD GENERATED BY DEFAULT AS IDENTITY (
    SEQUENCE NAME public.database_filerequest_processes_id_seq
    START WITH 1
    INCREMENT BY 1
    NO MINVALUE
    NO MAXVALUE
    CACHE 1
);


--
-- Name: database_filesale; Type: TABLE; Schema: public; Owner: simurgan
--

CREATE TABLE public.database_filesale (
    id bigint NOT NULL,
    created_at timestamp with time zone NOT NULL,
    title character varying(80) NOT NULL,
    file character varying(100) NOT NULL,
    "desc" text NOT NULL,
    price double precision NOT NULL
);


ALTER TABLE public.database_filesale OWNER TO simurgan;

--
-- Name: database_filesale_id_seq; Type: SEQUENCE; Schema: public; Owner: simurgan
--

ALTER TABLE public.database_filesale ALTER COLUMN id ADD GENERATED BY DEFAULT AS IDENTITY (
    SEQUENCE NAME public.database_filesale_id_seq
    START WITH 1
    INCREMENT BY 1
    NO MINVALUE
    NO MAXVALUE
    CACHE 1
);


--
-- Name: database_fileservice; Type: TABLE; Schema: public; Owner: simurgan
--

CREATE TABLE public.database_fileservice (
    id bigint NOT NULL,
    manual_status boolean NOT NULL,
    is_scheduled boolean NOT NULL,
    employee_id bigint NOT NULL
);


ALTER TABLE public.database_fileservice OWNER TO simurgan;

--
-- Name: database_fileservice_id_seq; Type: SEQUENCE; Schema: public; Owner: simurgan
--

ALTER TABLE public.database_fileservice ALTER COLUMN id ADD GENERATED BY DEFAULT AS IDENTITY (
    SEQUENCE NAME public.database_fileservice_id_seq
    START WITH 1
    INCREMENT BY 1
    NO MINVALUE
    NO MAXVALUE
    CACHE 1
);


--
-- Name: database_fileserviceschedule; Type: TABLE; Schema: public; Owner: simurgan
--

CREATE TABLE public.database_fileserviceschedule (
    id bigint NOT NULL,
    day character varying(3) NOT NULL,
    starting_hour integer NOT NULL,
    ending_hour integer NOT NULL,
    file_service_id bigint NOT NULL,
    CONSTRAINT database_fileserviceschedule_ending_hour_check CHECK ((ending_hour >= 0)),
    CONSTRAINT database_fileserviceschedule_ending_hour_range CHECK (((ending_hour >= 0) AND (ending_hour <= 24))),
    CONSTRAINT database_fileserviceschedule_endinghour_greater_than_startingho CHECK ((ending_hour > starting_hour)),
    CONSTRAINT database_fileserviceschedule_starting_hour_check CHECK ((starting_hour >= 0)),
    CONSTRAINT database_fileserviceschedule_starting_hour_range CHECK (((starting_hour >= 0) AND (starting_hour <= 24)))
);


ALTER TABLE public.database_fileserviceschedule OWNER TO simurgan;

--
-- Name: database_fileserviceschedule_id_seq; Type: SEQUENCE; Schema: public; Owner: simurgan
--

ALTER TABLE public.database_fileserviceschedule ALTER COLUMN id ADD GENERATED BY DEFAULT AS IDENTITY (
    SEQUENCE NAME public.database_fileserviceschedule_id_seq
    START WITH 1
    INCREMENT BY 1
    NO MINVALUE
    NO MAXVALUE
    CACHE 1
);


--
-- Name: database_knowledge; Type: TABLE; Schema: public; Owner: simurgan
--

CREATE TABLE public.database_knowledge (
    id bigint NOT NULL,
    title character varying(100) NOT NULL,
    link character varying(200),
    link_title character varying(60),
    "desc" text
);


ALTER TABLE public.database_knowledge OWNER TO simurgan;

--
-- Name: database_knowledge_id_seq; Type: SEQUENCE; Schema: public; Owner: simurgan
--

ALTER TABLE public.database_knowledge ALTER COLUMN id ADD GENERATED BY DEFAULT AS IDENTITY (
    SEQUENCE NAME public.database_knowledge_id_seq
    START WITH 1
    INCREMENT BY 1
    NO MINVALUE
    NO MAXVALUE
    CACHE 1
);


--
-- Name: database_knowledgead; Type: TABLE; Schema: public; Owner: simurgan
--

CREATE TABLE public.database_knowledgead (
    id bigint NOT NULL,
    created_at timestamp with time zone NOT NULL,
    content character varying(100) NOT NULL
);


ALTER TABLE public.database_knowledgead OWNER TO simurgan;

--
-- Name: database_knowledgead_id_seq; Type: SEQUENCE; Schema: public; Owner: simurgan
--

ALTER TABLE public.database_knowledgead ALTER COLUMN id ADD GENERATED BY DEFAULT AS IDENTITY (
    SEQUENCE NAME public.database_knowledgead_id_seq
    START WITH 1
    INCREMENT BY 1
    NO MINVALUE
    NO MAXVALUE
    CACHE 1
);


--
-- Name: database_knowledgebullet; Type: TABLE; Schema: public; Owner: simurgan
--

CREATE TABLE public.database_knowledgebullet (
    id bigint NOT NULL,
    content character varying(100) NOT NULL,
    part_id bigint NOT NULL
);


ALTER TABLE public.database_knowledgebullet OWNER TO simurgan;

--
-- Name: database_knowledgebullet_id_seq; Type: SEQUENCE; Schema: public; Owner: simurgan
--

ALTER TABLE public.database_knowledgebullet ALTER COLUMN id ADD GENERATED BY DEFAULT AS IDENTITY (
    SEQUENCE NAME public.database_knowledgebullet_id_seq
    START WITH 1
    INCREMENT BY 1
    NO MINVALUE
    NO MAXVALUE
    CACHE 1
);


--
-- Name: database_knowledgepart; Type: TABLE; Schema: public; Owner: simurgan
--

CREATE TABLE public.database_knowledgepart (
    id bigint NOT NULL,
    title character varying(100) NOT NULL,
    knowledge_id bigint NOT NULL
);


ALTER TABLE public.database_knowledgepart OWNER TO simurgan;

--
-- Name: database_knowledgepart_id_seq; Type: SEQUENCE; Schema: public; Owner: simurgan
--

ALTER TABLE public.database_knowledgepart ALTER COLUMN id ADD GENERATED BY DEFAULT AS IDENTITY (
    SEQUENCE NAME public.database_knowledgepart_id_seq
    START WITH 1
    INCREMENT BY 1
    NO MINVALUE
    NO MAXVALUE
    CACHE 1
);


--
-- Name: database_processpricing; Type: TABLE; Schema: public; Owner: simurgan
--

CREATE TABLE public.database_processpricing (
    id bigint NOT NULL,
    vehicle bigint NOT NULL,
    master_try_price double precision NOT NULL,
    slave_try_price double precision NOT NULL,
    master_eur_price double precision NOT NULL,
    slave_eur_price double precision NOT NULL,
    process_id bigint NOT NULL,
    CONSTRAINT database_processpricing_vehicle_check CHECK ((vehicle >= 0))
);


ALTER TABLE public.database_processpricing OWNER TO simurgan;

--
-- Name: database_processpricing_id_seq; Type: SEQUENCE; Schema: public; Owner: simurgan
--

ALTER TABLE public.database_processpricing ALTER COLUMN id ADD GENERATED BY DEFAULT AS IDENTITY (
    SEQUENCE NAME public.database_processpricing_id_seq
    START WITH 1
    INCREMENT BY 1
    NO MINVALUE
    NO MAXVALUE
    CACHE 1
);


--
-- Name: database_systemsetting; Type: TABLE; Schema: public; Owner: simurgan
--

CREATE TABLE public.database_systemsetting (
    id bigint NOT NULL,
    tax_percentage double precision NOT NULL,
    iban_number character varying(36) NOT NULL,
    swift_number character varying(12) NOT NULL,
    bank_name character varying(200) NOT NULL,
    bank_account_owner_name character varying(100) NOT NULL,
    credit_try_price double precision NOT NULL,
    credit_eur_price double precision NOT NULL,
    vehicle_data_backend_ip inet NOT NULL,
    vehicle_data_backend_port integer NOT NULL,
    CONSTRAINT database_systemsetting_vehicle_data_backend_port_check CHECK ((vehicle_data_backend_port >= 0))
);


ALTER TABLE public.database_systemsetting OWNER TO simurgan;

--
-- Name: database_systemsetting_id_seq; Type: SEQUENCE; Schema: public; Owner: simurgan
--

ALTER TABLE public.database_systemsetting ALTER COLUMN id ADD GENERATED BY DEFAULT AS IDENTITY (
    SEQUENCE NAME public.database_systemsetting_id_seq
    START WITH 1
    INCREMENT BY 1
    NO MINVALUE
    NO MAXVALUE
    CACHE 1
);


--
-- Name: database_transaction; Type: TABLE; Schema: public; Owner: simurgan
--

CREATE TABLE public.database_transaction (
    id bigint NOT NULL,
    created_at timestamp with time zone NOT NULL,
    updated_at timestamp with time zone NOT NULL,
    type character varying(1) NOT NULL,
    amount double precision NOT NULL,
    customer_id bigint NOT NULL,
    file_bought_id bigint,
    file_request_id bigint
);


ALTER TABLE public.database_transaction OWNER TO simurgan;

--
-- Name: database_transaction_id_seq; Type: SEQUENCE; Schema: public; Owner: simurgan
--

ALTER TABLE public.database_transaction ALTER COLUMN id ADD GENERATED BY DEFAULT AS IDENTITY (
    SEQUENCE NAME public.database_transaction_id_seq
    START WITH 1
    INCREMENT BY 1
    NO MINVALUE
    NO MAXVALUE
    CACHE 1
);


--
-- Name: django_admin_log; Type: TABLE; Schema: public; Owner: simurgan
--

CREATE TABLE public.django_admin_log (
    id integer NOT NULL,
    action_time timestamp with time zone NOT NULL,
    object_id text,
    object_repr character varying(200) NOT NULL,
    action_flag smallint NOT NULL,
    change_message text NOT NULL,
    content_type_id integer,
    user_id integer NOT NULL,
    CONSTRAINT django_admin_log_action_flag_check CHECK ((action_flag >= 0))
);


ALTER TABLE public.django_admin_log OWNER TO simurgan;

--
-- Name: django_admin_log_id_seq; Type: SEQUENCE; Schema: public; Owner: simurgan
--

ALTER TABLE public.django_admin_log ALTER COLUMN id ADD GENERATED BY DEFAULT AS IDENTITY (
    SEQUENCE NAME public.django_admin_log_id_seq
    START WITH 1
    INCREMENT BY 1
    NO MINVALUE
    NO MAXVALUE
    CACHE 1
);


--
-- Name: django_content_type; Type: TABLE; Schema: public; Owner: simurgan
--

CREATE TABLE public.django_content_type (
    id integer NOT NULL,
    app_label character varying(100) NOT NULL,
    model character varying(100) NOT NULL
);


ALTER TABLE public.django_content_type OWNER TO simurgan;

--
-- Name: django_content_type_id_seq; Type: SEQUENCE; Schema: public; Owner: simurgan
--

ALTER TABLE public.django_content_type ALTER COLUMN id ADD GENERATED BY DEFAULT AS IDENTITY (
    SEQUENCE NAME public.django_content_type_id_seq
    START WITH 1
    INCREMENT BY 1
    NO MINVALUE
    NO MAXVALUE
    CACHE 1
);


--
-- Name: django_migrations; Type: TABLE; Schema: public; Owner: simurgan
--

CREATE TABLE public.django_migrations (
    id bigint NOT NULL,
    app character varying(255) NOT NULL,
    name character varying(255) NOT NULL,
    applied timestamp with time zone NOT NULL
);


ALTER TABLE public.django_migrations OWNER TO simurgan;

--
-- Name: django_migrations_id_seq; Type: SEQUENCE; Schema: public; Owner: simurgan
--

ALTER TABLE public.django_migrations ALTER COLUMN id ADD GENERATED BY DEFAULT AS IDENTITY (
    SEQUENCE NAME public.django_migrations_id_seq
    START WITH 1
    INCREMENT BY 1
    NO MINVALUE
    NO MAXVALUE
    CACHE 1
);


--
-- Name: django_session; Type: TABLE; Schema: public; Owner: simurgan
--

CREATE TABLE public.django_session (
    session_key character varying(40) NOT NULL,
    session_data text NOT NULL,
    expire_date timestamp with time zone NOT NULL
);


ALTER TABLE public.django_session OWNER TO simurgan;

--
-- Name: django_site; Type: TABLE; Schema: public; Owner: simurgan
--

CREATE TABLE public.django_site (
    id integer NOT NULL,
    domain character varying(100) NOT NULL,
    name character varying(50) NOT NULL
);


ALTER TABLE public.django_site OWNER TO simurgan;

--
-- Name: django_site_id_seq; Type: SEQUENCE; Schema: public; Owner: simurgan
--

ALTER TABLE public.django_site ALTER COLUMN id ADD GENERATED BY DEFAULT AS IDENTITY (
    SEQUENCE NAME public.django_site_id_seq
    START WITH 1
    INCREMENT BY 1
    NO MINVALUE
    NO MAXVALUE
    CACHE 1
);


--
-- Name: maintenancemode_ignoredurl; Type: TABLE; Schema: public; Owner: simurgan
--

CREATE TABLE public.maintenancemode_ignoredurl (
    id bigint NOT NULL,
    pattern character varying(255) NOT NULL,
    description character varying(75) NOT NULL,
    maintenance_id bigint NOT NULL
);


ALTER TABLE public.maintenancemode_ignoredurl OWNER TO simurgan;

--
-- Name: maintenancemode_ignoredurl_id_seq; Type: SEQUENCE; Schema: public; Owner: simurgan
--

ALTER TABLE public.maintenancemode_ignoredurl ALTER COLUMN id ADD GENERATED BY DEFAULT AS IDENTITY (
    SEQUENCE NAME public.maintenancemode_ignoredurl_id_seq
    START WITH 1
    INCREMENT BY 1
    NO MINVALUE
    NO MAXVALUE
    CACHE 1
);


--
-- Name: maintenancemode_maintenance; Type: TABLE; Schema: public; Owner: simurgan
--

CREATE TABLE public.maintenancemode_maintenance (
    id bigint NOT NULL,
    is_being_performed boolean NOT NULL,
    site_id integer NOT NULL
);


ALTER TABLE public.maintenancemode_maintenance OWNER TO simurgan;

--
-- Name: maintenancemode_maintenance_id_seq; Type: SEQUENCE; Schema: public; Owner: simurgan
--

ALTER TABLE public.maintenancemode_maintenance ALTER COLUMN id ADD GENERATED BY DEFAULT AS IDENTITY (
    SEQUENCE NAME public.maintenancemode_maintenance_id_seq
    START WITH 1
    INCREMENT BY 1
    NO MINVALUE
    NO MAXVALUE
    CACHE 1
);


--
-- Data for Name: auth_group; Type: TABLE DATA; Schema: public; Owner: simurgan
--

COPY public.auth_group (id, name) FROM stdin;
\.


--
-- Data for Name: auth_group_permissions; Type: TABLE DATA; Schema: public; Owner: simurgan
--

COPY public.auth_group_permissions (id, group_id, permission_id) FROM stdin;
\.


--
-- Data for Name: auth_permission; Type: TABLE DATA; Schema: public; Owner: simurgan
--

COPY public.auth_permission (id, name, content_type_id, codename) FROM stdin;
1	Can add log entry	1	add_logentry
2	Can change log entry	1	change_logentry
3	Can delete log entry	1	delete_logentry
4	Can view log entry	1	view_logentry
5	Can add permission	2	add_permission
6	Can change permission	2	change_permission
7	Can delete permission	2	delete_permission
8	Can view permission	2	view_permission
9	Can add group	3	add_group
10	Can change group	3	change_group
11	Can delete group	3	delete_group
12	Can view group	3	view_group
13	Can add user	4	add_user
14	Can change user	4	change_user
15	Can delete user	4	delete_user
16	Can view user	4	view_user
17	Can add content type	5	add_contenttype
18	Can change content type	5	change_contenttype
19	Can delete content type	5	delete_contenttype
20	Can view content type	5	view_contenttype
21	Can add session	6	add_session
22	Can change session	6	change_session
23	Can delete session	6	delete_session
24	Can view session	6	view_session
25	Can add site	7	add_site
26	Can change site	7	change_site
27	Can delete site	7	delete_site
28	Can view site	7	view_site
29	Can add ignored url	8	add_ignoredurl
30	Can change ignored url	8	change_ignoredurl
31	Can delete ignored url	8	delete_ignoredurl
32	Can view ignored url	8	view_ignoredurl
33	Can add Maintenance Mode	9	add_maintenance
34	Can change Maintenance Mode	9	change_maintenance
35	Can delete Maintenance Mode	9	delete_maintenance
36	Can view Maintenance Mode	9	view_maintenance
37	Can add connection tool	10	add_connectiontool
38	Can change connection tool	10	change_connectiontool
39	Can delete connection tool	10	delete_connectiontool
40	Can view connection tool	10	view_connectiontool
41	Can add customer	11	add_customer
42	Can change customer	11	change_customer
43	Can delete customer	11	delete_customer
44	Can view customer	11	view_customer
45	Can add employee	12	add_employee
46	Can change employee	12	change_employee
47	Can delete employee	12	delete_employee
48	Can view employee	12	view_employee
49	Can add file process	13	add_fileprocess
50	Can change file process	13	change_fileprocess
51	Can delete file process	13	delete_fileprocess
52	Can view file process	13	view_fileprocess
53	Can add file request	14	add_filerequest
54	Can change file request	14	change_filerequest
55	Can delete file request	14	delete_filerequest
56	Can view file request	14	view_filerequest
57	Can add file sale	15	add_filesale
58	Can change file sale	15	change_filesale
59	Can delete file sale	15	delete_filesale
60	Can view file sale	15	view_filesale
61	Can add file service	16	add_fileservice
62	Can change file service	16	change_fileservice
63	Can delete file service	16	delete_fileservice
64	Can view file service	16	view_fileservice
65	Can add knowledge	17	add_knowledge
66	Can change knowledge	17	change_knowledge
67	Can delete knowledge	17	delete_knowledge
68	Can view knowledge	17	view_knowledge
69	Can add knowledge ad	18	add_knowledgead
70	Can change knowledge ad	18	change_knowledgead
71	Can delete knowledge ad	18	delete_knowledgead
72	Can view knowledge ad	18	view_knowledgead
73	Can add system setting	19	add_systemsetting
74	Can change system setting	19	change_systemsetting
75	Can delete system setting	19	delete_systemsetting
76	Can view system setting	19	view_systemsetting
77	Can add transaction	20	add_transaction
78	Can change transaction	20	change_transaction
79	Can delete transaction	20	delete_transaction
80	Can view transaction	20	view_transaction
81	Can add process pricing	21	add_processpricing
82	Can change process pricing	21	change_processpricing
83	Can delete process pricing	21	delete_processpricing
84	Can view process pricing	21	view_processpricing
85	Can add knowledge part	22	add_knowledgepart
86	Can change knowledge part	22	change_knowledgepart
87	Can delete knowledge part	22	delete_knowledgepart
88	Can view knowledge part	22	view_knowledgepart
89	Can add knowledge bullet	23	add_knowledgebullet
90	Can change knowledge bullet	23	change_knowledgebullet
91	Can delete knowledge bullet	23	delete_knowledgebullet
92	Can view knowledge bullet	23	view_knowledgebullet
93	Can add file service schedule	24	add_fileserviceschedule
94	Can change file service schedule	24	change_fileserviceschedule
95	Can delete file service schedule	24	delete_fileserviceschedule
96	Can view file service schedule	24	view_fileserviceschedule
97	Can add file purchase	25	add_filepurchase
98	Can change file purchase	25	change_filepurchase
99	Can delete file purchase	25	delete_filepurchase
100	Can view file purchase	25	view_filepurchase
\.


--
-- Data for Name: auth_user; Type: TABLE DATA; Schema: public; Owner: simurgan
--

COPY public.auth_user (id, password, last_login, is_superuser, username, first_name, last_name, email, is_staff, is_active, date_joined) FROM stdin;
2	pbkdf2_sha256$600000$NrKGvsRAd2d9pLmD9g1sRy$vxT6b8oVxTaKs39F3Tf/LNmrGG2sPGzuS8UVR3sY3jA=	2024-03-09 19:24:44.73066+03	f	richy@rich.com	Richy	Rich	richy@rich.com	f	t	2024-02-23 21:58:47.720979+03
3	pbkdf2_sha256$600000$nniYtoHFO9msHniUpW85tQ$5YRJNsnHycDxy4wH95wNyrmJ3eOFqJY/YSXIronvflk=	2024-03-09 20:37:09.088403+03	f	Kole	Super	Kole	kole@kole.com	t	t	2024-03-08 17:45:36+03
1	pbkdf2_sha256$600000$qSk9bxsMmNGHtLLJr9QxXq$OM2ms2a1QAn3eCs2iOeOPd43WA8rjA9cxR2FAjDlgAc=	2024-03-09 22:51:31.922995+03	t	admin			admin@admin.com	t	t	2024-02-23 21:57:26.094174+03
\.


--
-- Data for Name: auth_user_groups; Type: TABLE DATA; Schema: public; Owner: simurgan
--

COPY public.auth_user_groups (id, user_id, group_id) FROM stdin;
\.


--
-- Data for Name: auth_user_user_permissions; Type: TABLE DATA; Schema: public; Owner: simurgan
--

COPY public.auth_user_user_permissions (id, user_id, permission_id) FROM stdin;
\.


--
-- Data for Name: database_connectiontool; Type: TABLE DATA; Schema: public; Owner: simurgan
--

COPY public.database_connectiontool (id, name) FROM stdin;
1	Autotuner
2	Crazy truck tool
3	Super Maniak Tool
\.


--
-- Data for Name: database_customer; Type: TABLE DATA; Schema: public; Owner: simurgan
--

COPY public.database_customer (id, company_name, phone_number, credit_amount, pricing_class, user_id) FROM stdin;
1	Richy's Multibillioner Company	+905551234567	0	ME	2
\.


--
-- Data for Name: database_employee; Type: TABLE DATA; Schema: public; Owner: simurgan
--

COPY public.database_employee (id, user_id) FROM stdin;
2	3
\.


--
-- Data for Name: database_fileprocess; Type: TABLE DATA; Schema: public; Owner: simurgan
--

COPY public.database_fileprocess (id, name) FROM stdin;
1	Popcorn
3	Stage-1 Tuning
5	Flying cars
7	Wing addition
\.


--
-- Data for Name: database_filepurchase; Type: TABLE DATA; Schema: public; Owner: simurgan
--

COPY public.database_filepurchase (id, bought_at, customer_id, file_sale_id) FROM stdin;
\.


--
-- Data for Name: database_filerequest; Type: TABLE DATA; Schema: public; Owner: simurgan
--

COPY public.database_filerequest (id, created_at, updated_at, vehicle, file_type, transmission, tool_type, customer_description, original_file, employee_description, processed_file, status, customer_id, employee_id, tool_id) FROM stdin;
\.


--
-- Data for Name: database_filerequest_processes; Type: TABLE DATA; Schema: public; Owner: simurgan
--

COPY public.database_filerequest_processes (id, filerequest_id, fileprocess_id) FROM stdin;
\.


--
-- Data for Name: database_filesale; Type: TABLE DATA; Schema: public; Owner: simurgan
--

COPY public.database_filesale (id, created_at, title, file, "desc", price) FROM stdin;
\.


--
-- Data for Name: database_fileservice; Type: TABLE DATA; Schema: public; Owner: simurgan
--

COPY public.database_fileservice (id, manual_status, is_scheduled, employee_id) FROM stdin;
\.


--
-- Data for Name: database_fileserviceschedule; Type: TABLE DATA; Schema: public; Owner: simurgan
--

COPY public.database_fileserviceschedule (id, day, starting_hour, ending_hour, file_service_id) FROM stdin;
\.


--
-- Data for Name: database_knowledge; Type: TABLE DATA; Schema: public; Owner: simurgan
--

COPY public.database_knowledge (id, title, link, link_title, "desc") FROM stdin;
\.


--
-- Data for Name: database_knowledgead; Type: TABLE DATA; Schema: public; Owner: simurgan
--

COPY public.database_knowledgead (id, created_at, content) FROM stdin;
\.


--
-- Data for Name: database_knowledgebullet; Type: TABLE DATA; Schema: public; Owner: simurgan
--

COPY public.database_knowledgebullet (id, content, part_id) FROM stdin;
\.


--
-- Data for Name: database_knowledgepart; Type: TABLE DATA; Schema: public; Owner: simurgan
--

COPY public.database_knowledgepart (id, title, knowledge_id) FROM stdin;
\.


--
-- Data for Name: database_processpricing; Type: TABLE DATA; Schema: public; Owner: simurgan
--

COPY public.database_processpricing (id, vehicle, master_try_price, slave_try_price, master_eur_price, slave_eur_price, process_id) FROM stdin;
\.


--
-- Data for Name: database_systemsetting; Type: TABLE DATA; Schema: public; Owner: simurgan
--

COPY public.database_systemsetting (id, tax_percentage, iban_number, swift_number, bank_name, bank_account_owner_name, credit_try_price, credit_eur_price, vehicle_data_backend_ip, vehicle_data_backend_port) FROM stdin;
1	20	TR150023163728463701	TR5678543	Türkiye İş Bankası	Mehmet Urfi Yazıcı	1	1	127.0.0.1	5000
\.


--
-- Data for Name: database_transaction; Type: TABLE DATA; Schema: public; Owner: simurgan
--

COPY public.database_transaction (id, created_at, updated_at, type, amount, customer_id, file_bought_id, file_request_id) FROM stdin;
\.


--
-- Data for Name: django_admin_log; Type: TABLE DATA; Schema: public; Owner: simurgan
--

COPY public.django_admin_log (id, action_time, object_id, object_repr, action_flag, change_message, content_type_id, user_id) FROM stdin;
1	2024-03-04 22:53:22.032971+03	1	System settings	1	[{"added": {}}]	19	1
2	2024-03-05 19:53:58.273721+03	1	Autotuner	1	[{"added": {}}]	10	1
3	2024-03-05 19:54:13.368774+03	2	Crazy Car Tool	1	[{"added": {}}]	10	1
4	2024-03-05 20:56:06.535484+03	1	Richy Rich	2	[{"changed": {"fields": ["Pricing class"]}}]	11	1
5	2024-03-05 20:56:14.734558+03	1	Richy Rich	2	[]	11	1
6	2024-03-08 17:45:37.184436+03	3	Kole	1	[{"added": {}}]	4	1
7	2024-03-08 17:51:55.147454+03	2	 	1	[{"added": {}}]	12	1
8	2024-03-08 17:52:43.666337+03	3	Kole	2	[{"changed": {"fields": ["First name", "Last name", "Email address"]}}]	4	1
\.


--
-- Data for Name: django_content_type; Type: TABLE DATA; Schema: public; Owner: simurgan
--

COPY public.django_content_type (id, app_label, model) FROM stdin;
1	admin	logentry
2	auth	permission
3	auth	group
4	auth	user
5	contenttypes	contenttype
6	sessions	session
7	sites	site
8	maintenancemode	ignoredurl
9	maintenancemode	maintenance
10	database	connectiontool
11	database	customer
12	database	employee
13	database	fileprocess
14	database	filerequest
15	database	filesale
16	database	fileservice
17	database	knowledge
18	database	knowledgead
19	database	systemsetting
20	database	transaction
21	database	processpricing
22	database	knowledgepart
23	database	knowledgebullet
24	database	fileserviceschedule
25	database	filepurchase
\.


--
-- Data for Name: django_migrations; Type: TABLE DATA; Schema: public; Owner: simurgan
--

COPY public.django_migrations (id, app, name, applied) FROM stdin;
1	contenttypes	0001_initial	2024-02-23 21:56:56.316676+03
2	auth	0001_initial	2024-02-23 21:56:56.455945+03
3	admin	0001_initial	2024-02-23 21:56:56.506684+03
4	admin	0002_logentry_remove_auto_add	2024-02-23 21:56:56.531547+03
5	admin	0003_logentry_add_action_flag_choices	2024-02-23 21:56:56.55632+03
6	contenttypes	0002_remove_content_type_name	2024-02-23 21:56:56.605465+03
7	auth	0002_alter_permission_name_max_length	2024-02-23 21:56:56.632078+03
8	auth	0003_alter_user_email_max_length	2024-02-23 21:56:56.659423+03
9	auth	0004_alter_user_username_opts	2024-02-23 21:56:56.689049+03
10	auth	0005_alter_user_last_login_null	2024-02-23 21:56:56.716936+03
11	auth	0006_require_contenttypes_0002	2024-02-23 21:56:56.723943+03
12	auth	0007_alter_validators_add_error_messages	2024-02-23 21:56:56.749443+03
13	auth	0008_alter_user_username_max_length	2024-02-23 21:56:56.781912+03
14	auth	0009_alter_user_last_name_max_length	2024-02-23 21:56:56.809318+03
15	auth	0010_alter_group_name_max_length	2024-02-23 21:56:56.838462+03
16	auth	0011_update_proxy_permissions	2024-02-23 21:56:56.86299+03
17	auth	0012_alter_user_first_name_max_length	2024-02-23 21:56:56.890173+03
18	database	0001_initial	2024-02-23 21:56:57.558321+03
19	sites	0001_initial	2024-02-23 21:56:57.573176+03
20	maintenancemode	0001_initial	2024-02-23 21:56:57.620808+03
21	maintenancemode	0002_auto_20170920_1455	2024-02-23 21:56:57.666316+03
22	maintenancemode	0003_auto_20180227_0331	2024-02-23 21:56:57.690706+03
23	maintenancemode	0004_alter_ignoredurl_id_alter_maintenance_id	2024-02-23 21:56:57.764307+03
24	sessions	0001_initial	2024-02-23 21:56:57.792413+03
25	sites	0002_alter_domain_unique	2024-02-23 21:56:57.812526+03
26	database	0002_alter_customer_pricing_class	2024-03-05 20:54:45.33727+03
\.


--
-- Data for Name: django_session; Type: TABLE DATA; Schema: public; Owner: simurgan
--

COPY public.django_session (session_key, session_data, expire_date) FROM stdin;
lwppb9tjmr2iw5yok8h669gastwbzbng	.eJxVjEEOgjAQRe_StWkYoFBduucM5HdmKqhpEwor492VhIVu_3vvv8yIbZ3GregyzmIupjan3y2AH5p2IHekW7ac07rMwe6KPWixQxZ9Xg_372BCmb6157ZzoIpFJVRRqUFszgzSCIXz4Lr2hBYUIb34vusQo3IVHPUNyLw_HpU5ZA:1rdaky:8_ep6rAY1sM56F94IhS9fUjR8zR6ySZYYevMplP8u9Q	2024-03-08 21:58:48.533713+03
bzfdr3p9ewwmw9iyditv5cr2k417psxd	.eJxVjEEOwiAQRe_C2hBggKJL956BDMwgVUOT0q6Md7dNutDtf-_9t4i4LjWunec4krgILU6_W8L85LYDemC7TzJPbZnHJHdFHrTL20T8uh7u30HFXrc6FeN08GwIMYAbIEHO3g5MzB7BsbJkAYp2XvsQjHOK1NnQZpSiUhafL-Q7N9A:1rj2jD:XMyDdrIfw9UcHz7SNFgX-4nsQEySihIayriWJkhQGBk	2024-03-23 22:51:31.924628+03
\.


--
-- Data for Name: django_site; Type: TABLE DATA; Schema: public; Owner: simurgan
--

COPY public.django_site (id, domain, name) FROM stdin;
1	example.com	example.com
\.


--
-- Data for Name: maintenancemode_ignoredurl; Type: TABLE DATA; Schema: public; Owner: simurgan
--

COPY public.maintenancemode_ignoredurl (id, pattern, description, maintenance_id) FROM stdin;
\.


--
-- Data for Name: maintenancemode_maintenance; Type: TABLE DATA; Schema: public; Owner: simurgan
--

COPY public.maintenancemode_maintenance (id, is_being_performed, site_id) FROM stdin;
\.


--
-- Name: auth_group_id_seq; Type: SEQUENCE SET; Schema: public; Owner: simurgan
--

SELECT pg_catalog.setval('public.auth_group_id_seq', 1, false);


--
-- Name: auth_group_permissions_id_seq; Type: SEQUENCE SET; Schema: public; Owner: simurgan
--

SELECT pg_catalog.setval('public.auth_group_permissions_id_seq', 1, false);


--
-- Name: auth_permission_id_seq; Type: SEQUENCE SET; Schema: public; Owner: simurgan
--

SELECT pg_catalog.setval('public.auth_permission_id_seq', 100, true);


--
-- Name: auth_user_groups_id_seq; Type: SEQUENCE SET; Schema: public; Owner: simurgan
--

SELECT pg_catalog.setval('public.auth_user_groups_id_seq', 1, false);


--
-- Name: auth_user_id_seq; Type: SEQUENCE SET; Schema: public; Owner: simurgan
--

SELECT pg_catalog.setval('public.auth_user_id_seq', 3, true);


--
-- Name: auth_user_user_permissions_id_seq; Type: SEQUENCE SET; Schema: public; Owner: simurgan
--

SELECT pg_catalog.setval('public.auth_user_user_permissions_id_seq', 1, false);


--
-- Name: database_connectiontool_id_seq; Type: SEQUENCE SET; Schema: public; Owner: simurgan
--

SELECT pg_catalog.setval('public.database_connectiontool_id_seq', 3, true);


--
-- Name: database_customer_id_seq; Type: SEQUENCE SET; Schema: public; Owner: simurgan
--

SELECT pg_catalog.setval('public.database_customer_id_seq', 1, true);


--
-- Name: database_employee_id_seq; Type: SEQUENCE SET; Schema: public; Owner: simurgan
--

SELECT pg_catalog.setval('public.database_employee_id_seq', 2, true);


--
-- Name: database_fileprocess_id_seq; Type: SEQUENCE SET; Schema: public; Owner: simurgan
--

SELECT pg_catalog.setval('public.database_fileprocess_id_seq', 7, true);


--
-- Name: database_filepurchase_id_seq; Type: SEQUENCE SET; Schema: public; Owner: simurgan
--

SELECT pg_catalog.setval('public.database_filepurchase_id_seq', 1, false);


--
-- Name: database_filerequest_id_seq; Type: SEQUENCE SET; Schema: public; Owner: simurgan
--

SELECT pg_catalog.setval('public.database_filerequest_id_seq', 1, false);


--
-- Name: database_filerequest_processes_id_seq; Type: SEQUENCE SET; Schema: public; Owner: simurgan
--

SELECT pg_catalog.setval('public.database_filerequest_processes_id_seq', 1, false);


--
-- Name: database_filesale_id_seq; Type: SEQUENCE SET; Schema: public; Owner: simurgan
--

SELECT pg_catalog.setval('public.database_filesale_id_seq', 1, false);


--
-- Name: database_fileservice_id_seq; Type: SEQUENCE SET; Schema: public; Owner: simurgan
--

SELECT pg_catalog.setval('public.database_fileservice_id_seq', 1, false);


--
-- Name: database_fileserviceschedule_id_seq; Type: SEQUENCE SET; Schema: public; Owner: simurgan
--

SELECT pg_catalog.setval('public.database_fileserviceschedule_id_seq', 1, false);


--
-- Name: database_knowledge_id_seq; Type: SEQUENCE SET; Schema: public; Owner: simurgan
--

SELECT pg_catalog.setval('public.database_knowledge_id_seq', 1, false);


--
-- Name: database_knowledgead_id_seq; Type: SEQUENCE SET; Schema: public; Owner: simurgan
--

SELECT pg_catalog.setval('public.database_knowledgead_id_seq', 1, false);


--
-- Name: database_knowledgebullet_id_seq; Type: SEQUENCE SET; Schema: public; Owner: simurgan
--

SELECT pg_catalog.setval('public.database_knowledgebullet_id_seq', 1, false);


--
-- Name: database_knowledgepart_id_seq; Type: SEQUENCE SET; Schema: public; Owner: simurgan
--

SELECT pg_catalog.setval('public.database_knowledgepart_id_seq', 1, false);


--
-- Name: database_processpricing_id_seq; Type: SEQUENCE SET; Schema: public; Owner: simurgan
--

SELECT pg_catalog.setval('public.database_processpricing_id_seq', 1, false);


--
-- Name: database_systemsetting_id_seq; Type: SEQUENCE SET; Schema: public; Owner: simurgan
--

SELECT pg_catalog.setval('public.database_systemsetting_id_seq', 1, true);


--
-- Name: database_transaction_id_seq; Type: SEQUENCE SET; Schema: public; Owner: simurgan
--

SELECT pg_catalog.setval('public.database_transaction_id_seq', 1, false);


--
-- Name: django_admin_log_id_seq; Type: SEQUENCE SET; Schema: public; Owner: simurgan
--

SELECT pg_catalog.setval('public.django_admin_log_id_seq', 8, true);


--
-- Name: django_content_type_id_seq; Type: SEQUENCE SET; Schema: public; Owner: simurgan
--

SELECT pg_catalog.setval('public.django_content_type_id_seq', 25, true);


--
-- Name: django_migrations_id_seq; Type: SEQUENCE SET; Schema: public; Owner: simurgan
--

SELECT pg_catalog.setval('public.django_migrations_id_seq', 26, true);


--
-- Name: django_site_id_seq; Type: SEQUENCE SET; Schema: public; Owner: simurgan
--

SELECT pg_catalog.setval('public.django_site_id_seq', 1, true);


--
-- Name: maintenancemode_ignoredurl_id_seq; Type: SEQUENCE SET; Schema: public; Owner: simurgan
--

SELECT pg_catalog.setval('public.maintenancemode_ignoredurl_id_seq', 1, false);


--
-- Name: maintenancemode_maintenance_id_seq; Type: SEQUENCE SET; Schema: public; Owner: simurgan
--

SELECT pg_catalog.setval('public.maintenancemode_maintenance_id_seq', 1, false);


--
-- Name: auth_group auth_group_name_key; Type: CONSTRAINT; Schema: public; Owner: simurgan
--

ALTER TABLE ONLY public.auth_group
    ADD CONSTRAINT auth_group_name_key UNIQUE (name);


--
-- Name: auth_group_permissions auth_group_permissions_group_id_permission_id_0cd325b0_uniq; Type: CONSTRAINT; Schema: public; Owner: simurgan
--

ALTER TABLE ONLY public.auth_group_permissions
    ADD CONSTRAINT auth_group_permissions_group_id_permission_id_0cd325b0_uniq UNIQUE (group_id, permission_id);


--
-- Name: auth_group_permissions auth_group_permissions_pkey; Type: CONSTRAINT; Schema: public; Owner: simurgan
--

ALTER TABLE ONLY public.auth_group_permissions
    ADD CONSTRAINT auth_group_permissions_pkey PRIMARY KEY (id);


--
-- Name: auth_group auth_group_pkey; Type: CONSTRAINT; Schema: public; Owner: simurgan
--

ALTER TABLE ONLY public.auth_group
    ADD CONSTRAINT auth_group_pkey PRIMARY KEY (id);


--
-- Name: auth_permission auth_permission_content_type_id_codename_01ab375a_uniq; Type: CONSTRAINT; Schema: public; Owner: simurgan
--

ALTER TABLE ONLY public.auth_permission
    ADD CONSTRAINT auth_permission_content_type_id_codename_01ab375a_uniq UNIQUE (content_type_id, codename);


--
-- Name: auth_permission auth_permission_pkey; Type: CONSTRAINT; Schema: public; Owner: simurgan
--

ALTER TABLE ONLY public.auth_permission
    ADD CONSTRAINT auth_permission_pkey PRIMARY KEY (id);


--
-- Name: auth_user_groups auth_user_groups_pkey; Type: CONSTRAINT; Schema: public; Owner: simurgan
--

ALTER TABLE ONLY public.auth_user_groups
    ADD CONSTRAINT auth_user_groups_pkey PRIMARY KEY (id);


--
-- Name: auth_user_groups auth_user_groups_user_id_group_id_94350c0c_uniq; Type: CONSTRAINT; Schema: public; Owner: simurgan
--

ALTER TABLE ONLY public.auth_user_groups
    ADD CONSTRAINT auth_user_groups_user_id_group_id_94350c0c_uniq UNIQUE (user_id, group_id);


--
-- Name: auth_user auth_user_pkey; Type: CONSTRAINT; Schema: public; Owner: simurgan
--

ALTER TABLE ONLY public.auth_user
    ADD CONSTRAINT auth_user_pkey PRIMARY KEY (id);


--
-- Name: auth_user_user_permissions auth_user_user_permissions_pkey; Type: CONSTRAINT; Schema: public; Owner: simurgan
--

ALTER TABLE ONLY public.auth_user_user_permissions
    ADD CONSTRAINT auth_user_user_permissions_pkey PRIMARY KEY (id);


--
-- Name: auth_user_user_permissions auth_user_user_permissions_user_id_permission_id_14a6b632_uniq; Type: CONSTRAINT; Schema: public; Owner: simurgan
--

ALTER TABLE ONLY public.auth_user_user_permissions
    ADD CONSTRAINT auth_user_user_permissions_user_id_permission_id_14a6b632_uniq UNIQUE (user_id, permission_id);


--
-- Name: auth_user auth_user_username_key; Type: CONSTRAINT; Schema: public; Owner: simurgan
--

ALTER TABLE ONLY public.auth_user
    ADD CONSTRAINT auth_user_username_key UNIQUE (username);


--
-- Name: database_connectiontool database_connectiontool_name_key; Type: CONSTRAINT; Schema: public; Owner: simurgan
--

ALTER TABLE ONLY public.database_connectiontool
    ADD CONSTRAINT database_connectiontool_name_key UNIQUE (name);


--
-- Name: database_connectiontool database_connectiontool_pkey; Type: CONSTRAINT; Schema: public; Owner: simurgan
--

ALTER TABLE ONLY public.database_connectiontool
    ADD CONSTRAINT database_connectiontool_pkey PRIMARY KEY (id);


--
-- Name: database_customer database_customer_phone_number_key; Type: CONSTRAINT; Schema: public; Owner: simurgan
--

ALTER TABLE ONLY public.database_customer
    ADD CONSTRAINT database_customer_phone_number_key UNIQUE (phone_number);


--
-- Name: database_customer database_customer_pkey; Type: CONSTRAINT; Schema: public; Owner: simurgan
--

ALTER TABLE ONLY public.database_customer
    ADD CONSTRAINT database_customer_pkey PRIMARY KEY (id);


--
-- Name: database_customer database_customer_user_id_key; Type: CONSTRAINT; Schema: public; Owner: simurgan
--

ALTER TABLE ONLY public.database_customer
    ADD CONSTRAINT database_customer_user_id_key UNIQUE (user_id);


--
-- Name: database_employee database_employee_pkey; Type: CONSTRAINT; Schema: public; Owner: simurgan
--

ALTER TABLE ONLY public.database_employee
    ADD CONSTRAINT database_employee_pkey PRIMARY KEY (id);


--
-- Name: database_employee database_employee_user_id_key; Type: CONSTRAINT; Schema: public; Owner: simurgan
--

ALTER TABLE ONLY public.database_employee
    ADD CONSTRAINT database_employee_user_id_key UNIQUE (user_id);


--
-- Name: database_fileprocess database_fileprocess_name_key; Type: CONSTRAINT; Schema: public; Owner: simurgan
--

ALTER TABLE ONLY public.database_fileprocess
    ADD CONSTRAINT database_fileprocess_name_key UNIQUE (name);


--
-- Name: database_fileprocess database_fileprocess_pkey; Type: CONSTRAINT; Schema: public; Owner: simurgan
--

ALTER TABLE ONLY public.database_fileprocess
    ADD CONSTRAINT database_fileprocess_pkey PRIMARY KEY (id);


--
-- Name: database_filepurchase database_filepurchase_pkey; Type: CONSTRAINT; Schema: public; Owner: simurgan
--

ALTER TABLE ONLY public.database_filepurchase
    ADD CONSTRAINT database_filepurchase_pkey PRIMARY KEY (id);


--
-- Name: database_filerequest database_filerequest_pkey; Type: CONSTRAINT; Schema: public; Owner: simurgan
--

ALTER TABLE ONLY public.database_filerequest
    ADD CONSTRAINT database_filerequest_pkey PRIMARY KEY (id);


--
-- Name: database_filerequest_processes database_filerequest_pro_filerequest_id_fileproce_04d7e870_uniq; Type: CONSTRAINT; Schema: public; Owner: simurgan
--

ALTER TABLE ONLY public.database_filerequest_processes
    ADD CONSTRAINT database_filerequest_pro_filerequest_id_fileproce_04d7e870_uniq UNIQUE (filerequest_id, fileprocess_id);


--
-- Name: database_filerequest_processes database_filerequest_processes_pkey; Type: CONSTRAINT; Schema: public; Owner: simurgan
--

ALTER TABLE ONLY public.database_filerequest_processes
    ADD CONSTRAINT database_filerequest_processes_pkey PRIMARY KEY (id);


--
-- Name: database_filesale database_filesale_file_key; Type: CONSTRAINT; Schema: public; Owner: simurgan
--

ALTER TABLE ONLY public.database_filesale
    ADD CONSTRAINT database_filesale_file_key UNIQUE (file);


--
-- Name: database_filesale database_filesale_pkey; Type: CONSTRAINT; Schema: public; Owner: simurgan
--

ALTER TABLE ONLY public.database_filesale
    ADD CONSTRAINT database_filesale_pkey PRIMARY KEY (id);


--
-- Name: database_filesale database_filesale_title_key; Type: CONSTRAINT; Schema: public; Owner: simurgan
--

ALTER TABLE ONLY public.database_filesale
    ADD CONSTRAINT database_filesale_title_key UNIQUE (title);


--
-- Name: database_fileservice database_fileservice_employee_id_key; Type: CONSTRAINT; Schema: public; Owner: simurgan
--

ALTER TABLE ONLY public.database_fileservice
    ADD CONSTRAINT database_fileservice_employee_id_key UNIQUE (employee_id);


--
-- Name: database_fileservice database_fileservice_pkey; Type: CONSTRAINT; Schema: public; Owner: simurgan
--

ALTER TABLE ONLY public.database_fileservice
    ADD CONSTRAINT database_fileservice_pkey PRIMARY KEY (id);


--
-- Name: database_fileserviceschedule database_fileserviceschedule_pkey; Type: CONSTRAINT; Schema: public; Owner: simurgan
--

ALTER TABLE ONLY public.database_fileserviceschedule
    ADD CONSTRAINT database_fileserviceschedule_pkey PRIMARY KEY (id);


--
-- Name: database_knowledge database_knowledge_pkey; Type: CONSTRAINT; Schema: public; Owner: simurgan
--

ALTER TABLE ONLY public.database_knowledge
    ADD CONSTRAINT database_knowledge_pkey PRIMARY KEY (id);


--
-- Name: database_knowledge database_knowledge_title_key; Type: CONSTRAINT; Schema: public; Owner: simurgan
--

ALTER TABLE ONLY public.database_knowledge
    ADD CONSTRAINT database_knowledge_title_key UNIQUE (title);


--
-- Name: database_knowledgead database_knowledgead_pkey; Type: CONSTRAINT; Schema: public; Owner: simurgan
--

ALTER TABLE ONLY public.database_knowledgead
    ADD CONSTRAINT database_knowledgead_pkey PRIMARY KEY (id);


--
-- Name: database_knowledgebullet database_knowledgebullet_pkey; Type: CONSTRAINT; Schema: public; Owner: simurgan
--

ALTER TABLE ONLY public.database_knowledgebullet
    ADD CONSTRAINT database_knowledgebullet_pkey PRIMARY KEY (id);


--
-- Name: database_knowledgepart database_knowledgepart_pkey; Type: CONSTRAINT; Schema: public; Owner: simurgan
--

ALTER TABLE ONLY public.database_knowledgepart
    ADD CONSTRAINT database_knowledgepart_pkey PRIMARY KEY (id);


--
-- Name: database_processpricing database_processpricing_pkey; Type: CONSTRAINT; Schema: public; Owner: simurgan
--

ALTER TABLE ONLY public.database_processpricing
    ADD CONSTRAINT database_processpricing_pkey PRIMARY KEY (id);


--
-- Name: database_systemsetting database_systemsetting_pkey; Type: CONSTRAINT; Schema: public; Owner: simurgan
--

ALTER TABLE ONLY public.database_systemsetting
    ADD CONSTRAINT database_systemsetting_pkey PRIMARY KEY (id);


--
-- Name: database_transaction database_transaction_file_bought_id_key; Type: CONSTRAINT; Schema: public; Owner: simurgan
--

ALTER TABLE ONLY public.database_transaction
    ADD CONSTRAINT database_transaction_file_bought_id_key UNIQUE (file_bought_id);


--
-- Name: database_transaction database_transaction_file_request_id_key; Type: CONSTRAINT; Schema: public; Owner: simurgan
--

ALTER TABLE ONLY public.database_transaction
    ADD CONSTRAINT database_transaction_file_request_id_key UNIQUE (file_request_id);


--
-- Name: database_transaction database_transaction_pkey; Type: CONSTRAINT; Schema: public; Owner: simurgan
--

ALTER TABLE ONLY public.database_transaction
    ADD CONSTRAINT database_transaction_pkey PRIMARY KEY (id);


--
-- Name: django_admin_log django_admin_log_pkey; Type: CONSTRAINT; Schema: public; Owner: simurgan
--

ALTER TABLE ONLY public.django_admin_log
    ADD CONSTRAINT django_admin_log_pkey PRIMARY KEY (id);


--
-- Name: django_content_type django_content_type_app_label_model_76bd3d3b_uniq; Type: CONSTRAINT; Schema: public; Owner: simurgan
--

ALTER TABLE ONLY public.django_content_type
    ADD CONSTRAINT django_content_type_app_label_model_76bd3d3b_uniq UNIQUE (app_label, model);


--
-- Name: django_content_type django_content_type_pkey; Type: CONSTRAINT; Schema: public; Owner: simurgan
--

ALTER TABLE ONLY public.django_content_type
    ADD CONSTRAINT django_content_type_pkey PRIMARY KEY (id);


--
-- Name: django_migrations django_migrations_pkey; Type: CONSTRAINT; Schema: public; Owner: simurgan
--

ALTER TABLE ONLY public.django_migrations
    ADD CONSTRAINT django_migrations_pkey PRIMARY KEY (id);


--
-- Name: django_session django_session_pkey; Type: CONSTRAINT; Schema: public; Owner: simurgan
--

ALTER TABLE ONLY public.django_session
    ADD CONSTRAINT django_session_pkey PRIMARY KEY (session_key);


--
-- Name: django_site django_site_domain_a2e37b91_uniq; Type: CONSTRAINT; Schema: public; Owner: simurgan
--

ALTER TABLE ONLY public.django_site
    ADD CONSTRAINT django_site_domain_a2e37b91_uniq UNIQUE (domain);


--
-- Name: django_site django_site_pkey; Type: CONSTRAINT; Schema: public; Owner: simurgan
--

ALTER TABLE ONLY public.django_site
    ADD CONSTRAINT django_site_pkey PRIMARY KEY (id);


--
-- Name: database_fileserviceschedule file_service_schedule_day_fileservice_unique_constraint; Type: CONSTRAINT; Schema: public; Owner: simurgan
--

ALTER TABLE ONLY public.database_fileserviceschedule
    ADD CONSTRAINT file_service_schedule_day_fileservice_unique_constraint UNIQUE (file_service_id, day);


--
-- Name: database_filepurchase filepurchase_customer_filesale_unique_constraint; Type: CONSTRAINT; Schema: public; Owner: simurgan
--

ALTER TABLE ONLY public.database_filepurchase
    ADD CONSTRAINT filepurchase_customer_filesale_unique_constraint UNIQUE (customer_id, file_sale_id);


--
-- Name: database_knowledgebullet knowledgebullet_content_part_unique_constraint; Type: CONSTRAINT; Schema: public; Owner: simurgan
--

ALTER TABLE ONLY public.database_knowledgebullet
    ADD CONSTRAINT knowledgebullet_content_part_unique_constraint UNIQUE (content, part_id);


--
-- Name: database_knowledgepart knowledgepart_title_knowledge_unique_constraint; Type: CONSTRAINT; Schema: public; Owner: simurgan
--

ALTER TABLE ONLY public.database_knowledgepart
    ADD CONSTRAINT knowledgepart_title_knowledge_unique_constraint UNIQUE (title, knowledge_id);


--
-- Name: maintenancemode_ignoredurl maintenancemode_ignoredurl_pkey; Type: CONSTRAINT; Schema: public; Owner: simurgan
--

ALTER TABLE ONLY public.maintenancemode_ignoredurl
    ADD CONSTRAINT maintenancemode_ignoredurl_pkey PRIMARY KEY (id);


--
-- Name: maintenancemode_maintenance maintenancemode_maintenance_pkey; Type: CONSTRAINT; Schema: public; Owner: simurgan
--

ALTER TABLE ONLY public.maintenancemode_maintenance
    ADD CONSTRAINT maintenancemode_maintenance_pkey PRIMARY KEY (id);


--
-- Name: maintenancemode_maintenance maintenancemode_maintenance_site_id_690e7ab9_uniq; Type: CONSTRAINT; Schema: public; Owner: simurgan
--

ALTER TABLE ONLY public.maintenancemode_maintenance
    ADD CONSTRAINT maintenancemode_maintenance_site_id_690e7ab9_uniq UNIQUE (site_id);


--
-- Name: database_processpricing processpricing_process_vehicle_unique_constraint; Type: CONSTRAINT; Schema: public; Owner: simurgan
--

ALTER TABLE ONLY public.database_processpricing
    ADD CONSTRAINT processpricing_process_vehicle_unique_constraint UNIQUE (vehicle, process_id);


--
-- Name: auth_group_name_a6ea08ec_like; Type: INDEX; Schema: public; Owner: simurgan
--

CREATE INDEX auth_group_name_a6ea08ec_like ON public.auth_group USING btree (name varchar_pattern_ops);


--
-- Name: auth_group_permissions_group_id_b120cbf9; Type: INDEX; Schema: public; Owner: simurgan
--

CREATE INDEX auth_group_permissions_group_id_b120cbf9 ON public.auth_group_permissions USING btree (group_id);


--
-- Name: auth_group_permissions_permission_id_84c5c92e; Type: INDEX; Schema: public; Owner: simurgan
--

CREATE INDEX auth_group_permissions_permission_id_84c5c92e ON public.auth_group_permissions USING btree (permission_id);


--
-- Name: auth_permission_content_type_id_2f476e4b; Type: INDEX; Schema: public; Owner: simurgan
--

CREATE INDEX auth_permission_content_type_id_2f476e4b ON public.auth_permission USING btree (content_type_id);


--
-- Name: auth_user_groups_group_id_97559544; Type: INDEX; Schema: public; Owner: simurgan
--

CREATE INDEX auth_user_groups_group_id_97559544 ON public.auth_user_groups USING btree (group_id);


--
-- Name: auth_user_groups_user_id_6a12ed8b; Type: INDEX; Schema: public; Owner: simurgan
--

CREATE INDEX auth_user_groups_user_id_6a12ed8b ON public.auth_user_groups USING btree (user_id);


--
-- Name: auth_user_user_permissions_permission_id_1fbb5f2c; Type: INDEX; Schema: public; Owner: simurgan
--

CREATE INDEX auth_user_user_permissions_permission_id_1fbb5f2c ON public.auth_user_user_permissions USING btree (permission_id);


--
-- Name: auth_user_user_permissions_user_id_a95ead1b; Type: INDEX; Schema: public; Owner: simurgan
--

CREATE INDEX auth_user_user_permissions_user_id_a95ead1b ON public.auth_user_user_permissions USING btree (user_id);


--
-- Name: auth_user_username_6821ab7c_like; Type: INDEX; Schema: public; Owner: simurgan
--

CREATE INDEX auth_user_username_6821ab7c_like ON public.auth_user USING btree (username varchar_pattern_ops);


--
-- Name: database_connectiontool_name_433080eb_like; Type: INDEX; Schema: public; Owner: simurgan
--

CREATE INDEX database_connectiontool_name_433080eb_like ON public.database_connectiontool USING btree (name varchar_pattern_ops);


--
-- Name: database_customer_phone_number_be520d59_like; Type: INDEX; Schema: public; Owner: simurgan
--

CREATE INDEX database_customer_phone_number_be520d59_like ON public.database_customer USING btree (phone_number varchar_pattern_ops);


--
-- Name: database_fileprocess_name_5b0e72d7_like; Type: INDEX; Schema: public; Owner: simurgan
--

CREATE INDEX database_fileprocess_name_5b0e72d7_like ON public.database_fileprocess USING btree (name varchar_pattern_ops);


--
-- Name: database_filepurchase_customer_id_515ab5dc; Type: INDEX; Schema: public; Owner: simurgan
--

CREATE INDEX database_filepurchase_customer_id_515ab5dc ON public.database_filepurchase USING btree (customer_id);


--
-- Name: database_filepurchase_file_sale_id_5ffe18a1; Type: INDEX; Schema: public; Owner: simurgan
--

CREATE INDEX database_filepurchase_file_sale_id_5ffe18a1 ON public.database_filepurchase USING btree (file_sale_id);


--
-- Name: database_filerequest_customer_id_20ed7407; Type: INDEX; Schema: public; Owner: simurgan
--

CREATE INDEX database_filerequest_customer_id_20ed7407 ON public.database_filerequest USING btree (customer_id);


--
-- Name: database_filerequest_employee_id_b44f2350; Type: INDEX; Schema: public; Owner: simurgan
--

CREATE INDEX database_filerequest_employee_id_b44f2350 ON public.database_filerequest USING btree (employee_id);


--
-- Name: database_filerequest_processes_fileprocess_id_16011357; Type: INDEX; Schema: public; Owner: simurgan
--

CREATE INDEX database_filerequest_processes_fileprocess_id_16011357 ON public.database_filerequest_processes USING btree (fileprocess_id);


--
-- Name: database_filerequest_processes_filerequest_id_8bff7a09; Type: INDEX; Schema: public; Owner: simurgan
--

CREATE INDEX database_filerequest_processes_filerequest_id_8bff7a09 ON public.database_filerequest_processes USING btree (filerequest_id);


--
-- Name: database_filerequest_tool_id_6f943531; Type: INDEX; Schema: public; Owner: simurgan
--

CREATE INDEX database_filerequest_tool_id_6f943531 ON public.database_filerequest USING btree (tool_id);


--
-- Name: database_filesale_file_6413d33e_like; Type: INDEX; Schema: public; Owner: simurgan
--

CREATE INDEX database_filesale_file_6413d33e_like ON public.database_filesale USING btree (file varchar_pattern_ops);


--
-- Name: database_filesale_title_fa44e299_like; Type: INDEX; Schema: public; Owner: simurgan
--

CREATE INDEX database_filesale_title_fa44e299_like ON public.database_filesale USING btree (title varchar_pattern_ops);


--
-- Name: database_fileserviceschedule_file_service_id_b98c2575; Type: INDEX; Schema: public; Owner: simurgan
--

CREATE INDEX database_fileserviceschedule_file_service_id_b98c2575 ON public.database_fileserviceschedule USING btree (file_service_id);


--
-- Name: database_knowledge_title_f4f143be_like; Type: INDEX; Schema: public; Owner: simurgan
--

CREATE INDEX database_knowledge_title_f4f143be_like ON public.database_knowledge USING btree (title varchar_pattern_ops);


--
-- Name: database_knowledgebullet_part_id_3ec40b90; Type: INDEX; Schema: public; Owner: simurgan
--

CREATE INDEX database_knowledgebullet_part_id_3ec40b90 ON public.database_knowledgebullet USING btree (part_id);


--
-- Name: database_knowledgepart_knowledge_id_b158a5ac; Type: INDEX; Schema: public; Owner: simurgan
--

CREATE INDEX database_knowledgepart_knowledge_id_b158a5ac ON public.database_knowledgepart USING btree (knowledge_id);


--
-- Name: database_processpricing_process_id_88168525; Type: INDEX; Schema: public; Owner: simurgan
--

CREATE INDEX database_processpricing_process_id_88168525 ON public.database_processpricing USING btree (process_id);


--
-- Name: database_transaction_customer_id_272d4845; Type: INDEX; Schema: public; Owner: simurgan
--

CREATE INDEX database_transaction_customer_id_272d4845 ON public.database_transaction USING btree (customer_id);


--
-- Name: django_admin_log_content_type_id_c4bce8eb; Type: INDEX; Schema: public; Owner: simurgan
--

CREATE INDEX django_admin_log_content_type_id_c4bce8eb ON public.django_admin_log USING btree (content_type_id);


--
-- Name: django_admin_log_user_id_c564eba6; Type: INDEX; Schema: public; Owner: simurgan
--

CREATE INDEX django_admin_log_user_id_c564eba6 ON public.django_admin_log USING btree (user_id);


--
-- Name: django_session_expire_date_a5c62663; Type: INDEX; Schema: public; Owner: simurgan
--

CREATE INDEX django_session_expire_date_a5c62663 ON public.django_session USING btree (expire_date);


--
-- Name: django_session_session_key_c0390e0f_like; Type: INDEX; Schema: public; Owner: simurgan
--

CREATE INDEX django_session_session_key_c0390e0f_like ON public.django_session USING btree (session_key varchar_pattern_ops);


--
-- Name: django_site_domain_a2e37b91_like; Type: INDEX; Schema: public; Owner: simurgan
--

CREATE INDEX django_site_domain_a2e37b91_like ON public.django_site USING btree (domain varchar_pattern_ops);


--
-- Name: maintenancemode_ignoredurl_maintenance_id_20f9040d; Type: INDEX; Schema: public; Owner: simurgan
--

CREATE INDEX maintenancemode_ignoredurl_maintenance_id_20f9040d ON public.maintenancemode_ignoredurl USING btree (maintenance_id);


--
-- Name: auth_group_permissions auth_group_permissio_permission_id_84c5c92e_fk_auth_perm; Type: FK CONSTRAINT; Schema: public; Owner: simurgan
--

ALTER TABLE ONLY public.auth_group_permissions
    ADD CONSTRAINT auth_group_permissio_permission_id_84c5c92e_fk_auth_perm FOREIGN KEY (permission_id) REFERENCES public.auth_permission(id) DEFERRABLE INITIALLY DEFERRED;


--
-- Name: auth_group_permissions auth_group_permissions_group_id_b120cbf9_fk_auth_group_id; Type: FK CONSTRAINT; Schema: public; Owner: simurgan
--

ALTER TABLE ONLY public.auth_group_permissions
    ADD CONSTRAINT auth_group_permissions_group_id_b120cbf9_fk_auth_group_id FOREIGN KEY (group_id) REFERENCES public.auth_group(id) DEFERRABLE INITIALLY DEFERRED;


--
-- Name: auth_permission auth_permission_content_type_id_2f476e4b_fk_django_co; Type: FK CONSTRAINT; Schema: public; Owner: simurgan
--

ALTER TABLE ONLY public.auth_permission
    ADD CONSTRAINT auth_permission_content_type_id_2f476e4b_fk_django_co FOREIGN KEY (content_type_id) REFERENCES public.django_content_type(id) DEFERRABLE INITIALLY DEFERRED;


--
-- Name: auth_user_groups auth_user_groups_group_id_97559544_fk_auth_group_id; Type: FK CONSTRAINT; Schema: public; Owner: simurgan
--

ALTER TABLE ONLY public.auth_user_groups
    ADD CONSTRAINT auth_user_groups_group_id_97559544_fk_auth_group_id FOREIGN KEY (group_id) REFERENCES public.auth_group(id) DEFERRABLE INITIALLY DEFERRED;


--
-- Name: auth_user_groups auth_user_groups_user_id_6a12ed8b_fk_auth_user_id; Type: FK CONSTRAINT; Schema: public; Owner: simurgan
--

ALTER TABLE ONLY public.auth_user_groups
    ADD CONSTRAINT auth_user_groups_user_id_6a12ed8b_fk_auth_user_id FOREIGN KEY (user_id) REFERENCES public.auth_user(id) DEFERRABLE INITIALLY DEFERRED;


--
-- Name: auth_user_user_permissions auth_user_user_permi_permission_id_1fbb5f2c_fk_auth_perm; Type: FK CONSTRAINT; Schema: public; Owner: simurgan
--

ALTER TABLE ONLY public.auth_user_user_permissions
    ADD CONSTRAINT auth_user_user_permi_permission_id_1fbb5f2c_fk_auth_perm FOREIGN KEY (permission_id) REFERENCES public.auth_permission(id) DEFERRABLE INITIALLY DEFERRED;


--
-- Name: auth_user_user_permissions auth_user_user_permissions_user_id_a95ead1b_fk_auth_user_id; Type: FK CONSTRAINT; Schema: public; Owner: simurgan
--

ALTER TABLE ONLY public.auth_user_user_permissions
    ADD CONSTRAINT auth_user_user_permissions_user_id_a95ead1b_fk_auth_user_id FOREIGN KEY (user_id) REFERENCES public.auth_user(id) DEFERRABLE INITIALLY DEFERRED;


--
-- Name: database_customer database_customer_user_id_1a45b24e_fk_auth_user_id; Type: FK CONSTRAINT; Schema: public; Owner: simurgan
--

ALTER TABLE ONLY public.database_customer
    ADD CONSTRAINT database_customer_user_id_1a45b24e_fk_auth_user_id FOREIGN KEY (user_id) REFERENCES public.auth_user(id) DEFERRABLE INITIALLY DEFERRED;


--
-- Name: database_employee database_employee_user_id_d82c839d_fk_auth_user_id; Type: FK CONSTRAINT; Schema: public; Owner: simurgan
--

ALTER TABLE ONLY public.database_employee
    ADD CONSTRAINT database_employee_user_id_d82c839d_fk_auth_user_id FOREIGN KEY (user_id) REFERENCES public.auth_user(id) DEFERRABLE INITIALLY DEFERRED;


--
-- Name: database_filepurchase database_filepurchas_customer_id_515ab5dc_fk_database_; Type: FK CONSTRAINT; Schema: public; Owner: simurgan
--

ALTER TABLE ONLY public.database_filepurchase
    ADD CONSTRAINT database_filepurchas_customer_id_515ab5dc_fk_database_ FOREIGN KEY (customer_id) REFERENCES public.database_customer(id) DEFERRABLE INITIALLY DEFERRED;


--
-- Name: database_filepurchase database_filepurchas_file_sale_id_5ffe18a1_fk_database_; Type: FK CONSTRAINT; Schema: public; Owner: simurgan
--

ALTER TABLE ONLY public.database_filepurchase
    ADD CONSTRAINT database_filepurchas_file_sale_id_5ffe18a1_fk_database_ FOREIGN KEY (file_sale_id) REFERENCES public.database_filesale(id) DEFERRABLE INITIALLY DEFERRED;


--
-- Name: database_filerequest database_filerequest_customer_id_20ed7407_fk_database_; Type: FK CONSTRAINT; Schema: public; Owner: simurgan
--

ALTER TABLE ONLY public.database_filerequest
    ADD CONSTRAINT database_filerequest_customer_id_20ed7407_fk_database_ FOREIGN KEY (customer_id) REFERENCES public.database_customer(id) DEFERRABLE INITIALLY DEFERRED;


--
-- Name: database_filerequest database_filerequest_employee_id_b44f2350_fk_database_; Type: FK CONSTRAINT; Schema: public; Owner: simurgan
--

ALTER TABLE ONLY public.database_filerequest
    ADD CONSTRAINT database_filerequest_employee_id_b44f2350_fk_database_ FOREIGN KEY (employee_id) REFERENCES public.database_employee(id) DEFERRABLE INITIALLY DEFERRED;


--
-- Name: database_filerequest_processes database_filerequest_fileprocess_id_16011357_fk_database_; Type: FK CONSTRAINT; Schema: public; Owner: simurgan
--

ALTER TABLE ONLY public.database_filerequest_processes
    ADD CONSTRAINT database_filerequest_fileprocess_id_16011357_fk_database_ FOREIGN KEY (fileprocess_id) REFERENCES public.database_fileprocess(id) DEFERRABLE INITIALLY DEFERRED;


--
-- Name: database_filerequest_processes database_filerequest_filerequest_id_8bff7a09_fk_database_; Type: FK CONSTRAINT; Schema: public; Owner: simurgan
--

ALTER TABLE ONLY public.database_filerequest_processes
    ADD CONSTRAINT database_filerequest_filerequest_id_8bff7a09_fk_database_ FOREIGN KEY (filerequest_id) REFERENCES public.database_filerequest(id) DEFERRABLE INITIALLY DEFERRED;


--
-- Name: database_filerequest database_filerequest_tool_id_6f943531_fk_database_; Type: FK CONSTRAINT; Schema: public; Owner: simurgan
--

ALTER TABLE ONLY public.database_filerequest
    ADD CONSTRAINT database_filerequest_tool_id_6f943531_fk_database_ FOREIGN KEY (tool_id) REFERENCES public.database_connectiontool(id) DEFERRABLE INITIALLY DEFERRED;


--
-- Name: database_fileservice database_fileservice_employee_id_c3f1cf3a_fk_database_; Type: FK CONSTRAINT; Schema: public; Owner: simurgan
--

ALTER TABLE ONLY public.database_fileservice
    ADD CONSTRAINT database_fileservice_employee_id_c3f1cf3a_fk_database_ FOREIGN KEY (employee_id) REFERENCES public.database_employee(id) DEFERRABLE INITIALLY DEFERRED;


--
-- Name: database_fileserviceschedule database_fileservice_file_service_id_b98c2575_fk_database_; Type: FK CONSTRAINT; Schema: public; Owner: simurgan
--

ALTER TABLE ONLY public.database_fileserviceschedule
    ADD CONSTRAINT database_fileservice_file_service_id_b98c2575_fk_database_ FOREIGN KEY (file_service_id) REFERENCES public.database_fileservice(id) DEFERRABLE INITIALLY DEFERRED;


--
-- Name: database_knowledgebullet database_knowledgebu_part_id_3ec40b90_fk_database_; Type: FK CONSTRAINT; Schema: public; Owner: simurgan
--

ALTER TABLE ONLY public.database_knowledgebullet
    ADD CONSTRAINT database_knowledgebu_part_id_3ec40b90_fk_database_ FOREIGN KEY (part_id) REFERENCES public.database_knowledgepart(id) DEFERRABLE INITIALLY DEFERRED;


--
-- Name: database_knowledgepart database_knowledgepa_knowledge_id_b158a5ac_fk_database_; Type: FK CONSTRAINT; Schema: public; Owner: simurgan
--

ALTER TABLE ONLY public.database_knowledgepart
    ADD CONSTRAINT database_knowledgepa_knowledge_id_b158a5ac_fk_database_ FOREIGN KEY (knowledge_id) REFERENCES public.database_knowledge(id) DEFERRABLE INITIALLY DEFERRED;


--
-- Name: database_processpricing database_processpric_process_id_88168525_fk_database_; Type: FK CONSTRAINT; Schema: public; Owner: simurgan
--

ALTER TABLE ONLY public.database_processpricing
    ADD CONSTRAINT database_processpric_process_id_88168525_fk_database_ FOREIGN KEY (process_id) REFERENCES public.database_fileprocess(id) DEFERRABLE INITIALLY DEFERRED;


--
-- Name: database_transaction database_transaction_customer_id_272d4845_fk_database_; Type: FK CONSTRAINT; Schema: public; Owner: simurgan
--

ALTER TABLE ONLY public.database_transaction
    ADD CONSTRAINT database_transaction_customer_id_272d4845_fk_database_ FOREIGN KEY (customer_id) REFERENCES public.database_customer(id) DEFERRABLE INITIALLY DEFERRED;


--
-- Name: database_transaction database_transaction_file_bought_id_e27e670e_fk_database_; Type: FK CONSTRAINT; Schema: public; Owner: simurgan
--

ALTER TABLE ONLY public.database_transaction
    ADD CONSTRAINT database_transaction_file_bought_id_e27e670e_fk_database_ FOREIGN KEY (file_bought_id) REFERENCES public.database_filesale(id) DEFERRABLE INITIALLY DEFERRED;


--
-- Name: database_transaction database_transaction_file_request_id_7da5df00_fk_database_; Type: FK CONSTRAINT; Schema: public; Owner: simurgan
--

ALTER TABLE ONLY public.database_transaction
    ADD CONSTRAINT database_transaction_file_request_id_7da5df00_fk_database_ FOREIGN KEY (file_request_id) REFERENCES public.database_filerequest(id) DEFERRABLE INITIALLY DEFERRED;


--
-- Name: django_admin_log django_admin_log_content_type_id_c4bce8eb_fk_django_co; Type: FK CONSTRAINT; Schema: public; Owner: simurgan
--

ALTER TABLE ONLY public.django_admin_log
    ADD CONSTRAINT django_admin_log_content_type_id_c4bce8eb_fk_django_co FOREIGN KEY (content_type_id) REFERENCES public.django_content_type(id) DEFERRABLE INITIALLY DEFERRED;


--
-- Name: django_admin_log django_admin_log_user_id_c564eba6_fk_auth_user_id; Type: FK CONSTRAINT; Schema: public; Owner: simurgan
--

ALTER TABLE ONLY public.django_admin_log
    ADD CONSTRAINT django_admin_log_user_id_c564eba6_fk_auth_user_id FOREIGN KEY (user_id) REFERENCES public.auth_user(id) DEFERRABLE INITIALLY DEFERRED;


--
-- Name: maintenancemode_ignoredurl maintenancemode_ignoredurl_maintenance_id_20f9040d_fk; Type: FK CONSTRAINT; Schema: public; Owner: simurgan
--

ALTER TABLE ONLY public.maintenancemode_ignoredurl
    ADD CONSTRAINT maintenancemode_ignoredurl_maintenance_id_20f9040d_fk FOREIGN KEY (maintenance_id) REFERENCES public.maintenancemode_maintenance(id) DEFERRABLE INITIALLY DEFERRED;


--
-- Name: maintenancemode_maintenance maintenancemode_maintenance_site_id_690e7ab9_fk_django_site_id; Type: FK CONSTRAINT; Schema: public; Owner: simurgan
--

ALTER TABLE ONLY public.maintenancemode_maintenance
    ADD CONSTRAINT maintenancemode_maintenance_site_id_690e7ab9_fk_django_site_id FOREIGN KEY (site_id) REFERENCES public.django_site(id) DEFERRABLE INITIALLY DEFERRED;


--
-- Name: TABLE auth_group; Type: ACL; Schema: public; Owner: simurgan
--

GRANT ALL ON TABLE public.auth_group TO arpostgres;


--
-- Name: SEQUENCE auth_group_id_seq; Type: ACL; Schema: public; Owner: simurgan
--

GRANT ALL ON SEQUENCE public.auth_group_id_seq TO arpostgres;


--
-- Name: TABLE auth_group_permissions; Type: ACL; Schema: public; Owner: simurgan
--

GRANT ALL ON TABLE public.auth_group_permissions TO arpostgres;


--
-- Name: SEQUENCE auth_group_permissions_id_seq; Type: ACL; Schema: public; Owner: simurgan
--

GRANT ALL ON SEQUENCE public.auth_group_permissions_id_seq TO arpostgres;


--
-- Name: TABLE auth_permission; Type: ACL; Schema: public; Owner: simurgan
--

GRANT ALL ON TABLE public.auth_permission TO arpostgres;


--
-- Name: SEQUENCE auth_permission_id_seq; Type: ACL; Schema: public; Owner: simurgan
--

GRANT ALL ON SEQUENCE public.auth_permission_id_seq TO arpostgres;


--
-- Name: TABLE auth_user; Type: ACL; Schema: public; Owner: simurgan
--

GRANT ALL ON TABLE public.auth_user TO arpostgres;


--
-- Name: TABLE auth_user_groups; Type: ACL; Schema: public; Owner: simurgan
--

GRANT ALL ON TABLE public.auth_user_groups TO arpostgres;


--
-- Name: SEQUENCE auth_user_groups_id_seq; Type: ACL; Schema: public; Owner: simurgan
--

GRANT ALL ON SEQUENCE public.auth_user_groups_id_seq TO arpostgres;


--
-- Name: SEQUENCE auth_user_id_seq; Type: ACL; Schema: public; Owner: simurgan
--

GRANT ALL ON SEQUENCE public.auth_user_id_seq TO arpostgres;


--
-- Name: TABLE auth_user_user_permissions; Type: ACL; Schema: public; Owner: simurgan
--

GRANT ALL ON TABLE public.auth_user_user_permissions TO arpostgres;


--
-- Name: SEQUENCE auth_user_user_permissions_id_seq; Type: ACL; Schema: public; Owner: simurgan
--

GRANT ALL ON SEQUENCE public.auth_user_user_permissions_id_seq TO arpostgres;


--
-- Name: TABLE database_connectiontool; Type: ACL; Schema: public; Owner: simurgan
--

GRANT ALL ON TABLE public.database_connectiontool TO arpostgres;


--
-- Name: SEQUENCE database_connectiontool_id_seq; Type: ACL; Schema: public; Owner: simurgan
--

GRANT ALL ON SEQUENCE public.database_connectiontool_id_seq TO arpostgres;


--
-- Name: TABLE database_customer; Type: ACL; Schema: public; Owner: simurgan
--

GRANT ALL ON TABLE public.database_customer TO arpostgres;


--
-- Name: SEQUENCE database_customer_id_seq; Type: ACL; Schema: public; Owner: simurgan
--

GRANT ALL ON SEQUENCE public.database_customer_id_seq TO arpostgres;


--
-- Name: TABLE database_employee; Type: ACL; Schema: public; Owner: simurgan
--

GRANT ALL ON TABLE public.database_employee TO arpostgres;


--
-- Name: SEQUENCE database_employee_id_seq; Type: ACL; Schema: public; Owner: simurgan
--

GRANT ALL ON SEQUENCE public.database_employee_id_seq TO arpostgres;


--
-- Name: TABLE database_fileprocess; Type: ACL; Schema: public; Owner: simurgan
--

GRANT ALL ON TABLE public.database_fileprocess TO arpostgres;


--
-- Name: SEQUENCE database_fileprocess_id_seq; Type: ACL; Schema: public; Owner: simurgan
--

GRANT ALL ON SEQUENCE public.database_fileprocess_id_seq TO arpostgres;


--
-- Name: TABLE database_filepurchase; Type: ACL; Schema: public; Owner: simurgan
--

GRANT ALL ON TABLE public.database_filepurchase TO arpostgres;


--
-- Name: SEQUENCE database_filepurchase_id_seq; Type: ACL; Schema: public; Owner: simurgan
--

GRANT ALL ON SEQUENCE public.database_filepurchase_id_seq TO arpostgres;


--
-- Name: TABLE database_filerequest; Type: ACL; Schema: public; Owner: simurgan
--

GRANT ALL ON TABLE public.database_filerequest TO arpostgres;


--
-- Name: SEQUENCE database_filerequest_id_seq; Type: ACL; Schema: public; Owner: simurgan
--

GRANT ALL ON SEQUENCE public.database_filerequest_id_seq TO arpostgres;


--
-- Name: TABLE database_filerequest_processes; Type: ACL; Schema: public; Owner: simurgan
--

GRANT ALL ON TABLE public.database_filerequest_processes TO arpostgres;


--
-- Name: SEQUENCE database_filerequest_processes_id_seq; Type: ACL; Schema: public; Owner: simurgan
--

GRANT ALL ON SEQUENCE public.database_filerequest_processes_id_seq TO arpostgres;


--
-- Name: TABLE database_filesale; Type: ACL; Schema: public; Owner: simurgan
--

GRANT ALL ON TABLE public.database_filesale TO arpostgres;


--
-- Name: SEQUENCE database_filesale_id_seq; Type: ACL; Schema: public; Owner: simurgan
--

GRANT ALL ON SEQUENCE public.database_filesale_id_seq TO arpostgres;


--
-- Name: TABLE database_fileservice; Type: ACL; Schema: public; Owner: simurgan
--

GRANT ALL ON TABLE public.database_fileservice TO arpostgres;


--
-- Name: SEQUENCE database_fileservice_id_seq; Type: ACL; Schema: public; Owner: simurgan
--

GRANT ALL ON SEQUENCE public.database_fileservice_id_seq TO arpostgres;


--
-- Name: TABLE database_fileserviceschedule; Type: ACL; Schema: public; Owner: simurgan
--

GRANT ALL ON TABLE public.database_fileserviceschedule TO arpostgres;


--
-- Name: SEQUENCE database_fileserviceschedule_id_seq; Type: ACL; Schema: public; Owner: simurgan
--

GRANT ALL ON SEQUENCE public.database_fileserviceschedule_id_seq TO arpostgres;


--
-- Name: TABLE database_knowledge; Type: ACL; Schema: public; Owner: simurgan
--

GRANT ALL ON TABLE public.database_knowledge TO arpostgres;


--
-- Name: SEQUENCE database_knowledge_id_seq; Type: ACL; Schema: public; Owner: simurgan
--

GRANT ALL ON SEQUENCE public.database_knowledge_id_seq TO arpostgres;


--
-- Name: TABLE database_knowledgead; Type: ACL; Schema: public; Owner: simurgan
--

GRANT ALL ON TABLE public.database_knowledgead TO arpostgres;


--
-- Name: SEQUENCE database_knowledgead_id_seq; Type: ACL; Schema: public; Owner: simurgan
--

GRANT ALL ON SEQUENCE public.database_knowledgead_id_seq TO arpostgres;


--
-- Name: TABLE database_knowledgebullet; Type: ACL; Schema: public; Owner: simurgan
--

GRANT ALL ON TABLE public.database_knowledgebullet TO arpostgres;


--
-- Name: SEQUENCE database_knowledgebullet_id_seq; Type: ACL; Schema: public; Owner: simurgan
--

GRANT ALL ON SEQUENCE public.database_knowledgebullet_id_seq TO arpostgres;


--
-- Name: TABLE database_knowledgepart; Type: ACL; Schema: public; Owner: simurgan
--

GRANT ALL ON TABLE public.database_knowledgepart TO arpostgres;


--
-- Name: SEQUENCE database_knowledgepart_id_seq; Type: ACL; Schema: public; Owner: simurgan
--

GRANT ALL ON SEQUENCE public.database_knowledgepart_id_seq TO arpostgres;


--
-- Name: TABLE database_processpricing; Type: ACL; Schema: public; Owner: simurgan
--

GRANT ALL ON TABLE public.database_processpricing TO arpostgres;


--
-- Name: SEQUENCE database_processpricing_id_seq; Type: ACL; Schema: public; Owner: simurgan
--

GRANT ALL ON SEQUENCE public.database_processpricing_id_seq TO arpostgres;


--
-- Name: TABLE database_systemsetting; Type: ACL; Schema: public; Owner: simurgan
--

GRANT ALL ON TABLE public.database_systemsetting TO arpostgres;


--
-- Name: SEQUENCE database_systemsetting_id_seq; Type: ACL; Schema: public; Owner: simurgan
--

GRANT ALL ON SEQUENCE public.database_systemsetting_id_seq TO arpostgres;


--
-- Name: TABLE database_transaction; Type: ACL; Schema: public; Owner: simurgan
--

GRANT ALL ON TABLE public.database_transaction TO arpostgres;


--
-- Name: SEQUENCE database_transaction_id_seq; Type: ACL; Schema: public; Owner: simurgan
--

GRANT ALL ON SEQUENCE public.database_transaction_id_seq TO arpostgres;


--
-- Name: TABLE django_admin_log; Type: ACL; Schema: public; Owner: simurgan
--

GRANT ALL ON TABLE public.django_admin_log TO arpostgres;


--
-- Name: SEQUENCE django_admin_log_id_seq; Type: ACL; Schema: public; Owner: simurgan
--

GRANT ALL ON SEQUENCE public.django_admin_log_id_seq TO arpostgres;


--
-- Name: TABLE django_content_type; Type: ACL; Schema: public; Owner: simurgan
--

GRANT ALL ON TABLE public.django_content_type TO arpostgres;


--
-- Name: SEQUENCE django_content_type_id_seq; Type: ACL; Schema: public; Owner: simurgan
--

GRANT ALL ON SEQUENCE public.django_content_type_id_seq TO arpostgres;


--
-- Name: TABLE django_migrations; Type: ACL; Schema: public; Owner: simurgan
--

GRANT ALL ON TABLE public.django_migrations TO arpostgres;


--
-- Name: SEQUENCE django_migrations_id_seq; Type: ACL; Schema: public; Owner: simurgan
--

GRANT ALL ON SEQUENCE public.django_migrations_id_seq TO arpostgres;


--
-- Name: TABLE django_session; Type: ACL; Schema: public; Owner: simurgan
--

GRANT ALL ON TABLE public.django_session TO arpostgres;


--
-- Name: TABLE django_site; Type: ACL; Schema: public; Owner: simurgan
--

GRANT ALL ON TABLE public.django_site TO arpostgres;


--
-- Name: SEQUENCE django_site_id_seq; Type: ACL; Schema: public; Owner: simurgan
--

GRANT ALL ON SEQUENCE public.django_site_id_seq TO arpostgres;


--
-- Name: TABLE maintenancemode_ignoredurl; Type: ACL; Schema: public; Owner: simurgan
--

GRANT ALL ON TABLE public.maintenancemode_ignoredurl TO arpostgres;


--
-- Name: SEQUENCE maintenancemode_ignoredurl_id_seq; Type: ACL; Schema: public; Owner: simurgan
--

GRANT ALL ON SEQUENCE public.maintenancemode_ignoredurl_id_seq TO arpostgres;


--
-- Name: TABLE maintenancemode_maintenance; Type: ACL; Schema: public; Owner: simurgan
--

GRANT ALL ON TABLE public.maintenancemode_maintenance TO arpostgres;


--
-- Name: SEQUENCE maintenancemode_maintenance_id_seq; Type: ACL; Schema: public; Owner: simurgan
--

GRANT ALL ON SEQUENCE public.maintenancemode_maintenance_id_seq TO arpostgres;


--
-- PostgreSQL database dump complete
--

